,True_p,Predicted_p
0,0.996499202347672,0.9408730819657022
1,0.978328305886065,0.9230476193731278
2,0.901054534638465,0.7500860475853344
3,0.999999852465426,0.7401988118732709
4,0.999983509305286,0.9332291245423753
5,0.999999999798747,0.8617456803072162
6,1.43130109626104e-47,0.6777324860314057
7,1.0,0.21931891100232456
8,0.750997615507086,0.40929977254510774
9,0.0062285631372175,0.525080748942799
10,0.208160511050501,0.49911729185287534
11,0.99330845056952,0.9004235530154956
12,0.998350350949872,0.9193767824424667
13,0.999996306733654,0.9700096415137007
14,0.994489287168084,0.789827991237676
15,0.994871359505814,0.884395157705413
16,0.999960897244523,0.9624471228942482
17,0.998742438938298,0.9219964745547117
18,4.68207252914846e-06,0.02966906810389276
19,0.0004068493745194,0.06517527732685766
20,0.0047448445030995,0.10738959773447454
21,0.0831792811014646,0.08342950135488733
22,0.647103145766352,0.3936517904816553
23,0.136326960915849,0.313874754418112
24,0.0466824122423802,0.2669292381256454
25,0.0755281152581263,0.406024173907144
26,0.730105433812322,0.5064826086411052
27,0.999890329013789,0.9176915373189454
28,0.33131533087873,0.8825723204796151
29,0.795752305538713,0.6642735022052112
30,0.0127892699803897,0.19352007854448036
31,0.98163072797399,0.3757080490247743
32,0.0936074888162283,0.31656417874052706
33,0.354169512448269,0.4153630056345085
34,0.011249089368163,0.19703177171922157
35,0.0498749329401852,0.09582959435171148
36,0.973941804422027,0.7637497907006551
37,0.941030292407573,0.693726189571106
38,0.431309360914779,0.8169044079808347
39,0.0561014129945524,0.3530582353196159
40,0.147823363602043,0.40607551463605435
41,0.979055695322862,0.7527290119282283
42,0.99554935784215,0.8903737803218961
43,0.0001510251652239,0.8192999173469098
44,0.0033505548528957,0.2864918863634932
45,0.0905227436949582,0.2889863546705136
46,0.0299530622650211,0.16854937575654627
47,0.434509815679724,0.43017920072245625
48,0.640167796583317,0.5889427022462207
49,0.7556692792731,0.8229056991984626
50,0.970709861737924,0.7512402326289586
51,0.770125087059359,0.7308126283405499
52,0.98175761969031,0.9078333634042149
53,0.962708477386994,0.6572274915905965
54,3.6955351743505097e-34,0.6883639100358496
55,0.999978617706354,0.24421744115324762
56,0.48191151058519,0.6145631262681356
57,0.995628227265178,0.8483471133382421
58,0.99492621048346,0.8779104791447497
59,0.998096186045578,0.8889829311446139
60,0.999936464291913,0.8032258111156851
61,0.519612228013576,0.7692455601400764
62,0.999995939879009,0.9440129228568716
63,0.0006610977073588,0.1415609515340525
64,0.0004092699103527,0.2819570785735088
65,0.0087613044647883,0.6319144321053236
66,0.993658513658925,0.8215030892122509
67,0.525225791031615,0.7008798802196513
68,0.997267230125806,0.8386731230909076
69,0.0024993711018929,0.06970316354807177
70,0.0798037665743313,0.1901322624045932
71,0.367126179757236,0.433859889189471
72,0.0046801384437678,0.280226454219276
73,0.0918186410320652,0.41768679916711077
74,0.739685883896716,0.6874447418419425
75,0.999886127180426,0.8807322530458286
76,0.672355283964392,0.813926452720043
77,0.0814726943186556,0.653113868031465
78,0.0282905107549452,0.07870027674725777
79,3.42829965217897e-07,0.032601429563605726
80,0.727461025850795,0.14923289940673223
81,0.0001588057801648,0.29008878937466825
82,0.0265238317031402,0.35578461431546354
83,0.110757604661207,0.13919768707036004
84,0.529817676957394,0.38852825723180096
85,0.0004674067507868,0.08598326732012958
86,0.419294647370147,0.21389211136563407
87,0.0133315405330515,0.15948001492513794
88,0.999993293269957,0.5803424649316921
89,0.118544873338266,0.4119831985367045
90,0.990396232512884,0.6970210332058021
91,0.881982486657775,0.6493553006263046
92,0.980297878178885,0.5977077848744489
93,0.0008502604030544,0.10094347317772055
94,0.0015486055291568,0.21307818917843774
95,0.0147319029949433,0.24096536844175812
96,0.0590562435821215,0.36170715334217607
97,0.0064943956588661,0.19632004363809444
98,0.0237814384064606,0.3153518958109983
99,8.92306034386544e-05,0.13282884606564585
100,0.282810917112477,0.6184912546262372
101,0.956799822862086,0.6974778561794593
102,0.012142114859008,0.1430114014961003
103,0.0021972814275307,0.2572366236394633
104,0.996304666938081,0.33566774697107843
105,0.961680087630542,0.8198241330560675
106,0.555775769614849,0.5643323980864144
107,0.967770089074634,0.5784697368333703
108,0.0147689868067799,0.35492678522677795
109,0.0094070154473538,0.2870842525081853
110,0.58085505534884,0.30419861881296545
111,0.193509325706231,0.14730186116824903
112,0.998188097733939,0.7570349787116006
113,0.906364679044489,0.44245285094618236
114,0.989751202409721,0.616814939588391
115,0.421647597704434,0.8069477730627163
116,0.530467751941809,0.6841884317415999
117,0.0105837957722732,0.14375183014135612
118,0.0007764054246181,0.08293931204521589
119,0.0016450232968998,0.06590079404945585
120,0.193257255002763,0.2525523688761043
121,0.0674112490265223,0.17686452949535467
122,0.0001494162169134,0.032740505219420006
123,0.671082548362434,0.6093566468194654
124,0.767624331623039,0.6762072424655379
125,0.349478465260147,0.3328184356893025
126,0.0036913215541523,0.22892852935057928
127,0.0439234246180482,0.4076364079544156
128,0.857486594013266,0.740363408633583
129,0.0459642887529702,0.4544817775158106
130,0.0008483351738485,0.32634151984217435
131,0.0002911916433662,0.04495878630922404
132,0.0618622445665282,0.2833478883809598
133,0.999716095041848,0.5939613318171278
134,0.900057861687771,0.663204329720593
135,0.0577393785326839,0.15408626814411241
136,0.817874249645238,0.6486927541462023
137,0.12462148289215,0.337192145051052
138,0.652279313800937,0.6896636261709016
139,0.990884610588423,0.8380183092883573
140,0.914849782507056,0.7105365241024096
141,0.853225400294394,0.5987287734641654
142,9.35595075103353e-06,0.41290380144386435
143,0.4897539138778,0.5456419274581308
144,0.122960657069032,0.11607478277906816
145,0.273764694963841,0.5362140619834543
146,0.96588781976803,0.18692542966017192
147,0.284069899133573,0.35540761133495924
148,0.998994156198122,0.9435752881852545
149,0.620841213903106,0.8977945859224639
150,0.997907094721648,0.5532710183356654
151,0.0034145867320298,0.2199557354957865
152,0.0124213859152506,0.15730918136962
153,0.0006811172098779,0.07608479206514657
154,0.0001152111112759,0.1947459075378556
155,0.0004284224655051,0.09891648282106062
156,0.999459720675561,0.893249711025093
157,0.999999917004694,0.8741594432415931
158,0.999999111483833,0.7206425217964224
159,0.994224434970087,0.5755952387290191
160,0.0016877417926731,0.25206848710855556
161,0.9642984300399,0.6275819567581012
162,0.978033568501768,0.1970544140473637
163,0.0038929072027215,0.09198288708658839
164,0.14622402796446,0.20342912038041966
165,0.82090470634908,0.727116752134616
166,0.0542874137591167,0.6090802351938751
167,0.204697986335626,0.4301852980963712
168,0.0764393525779485,0.07870320146092881
169,0.0349066172563543,0.16527713899462632
170,0.868941867205998,0.3010642027880185
171,0.827882182897152,0.6660819831575056
172,0.216683922240367,0.2940208465142057
173,0.99371623474666,0.8056165332067324
174,0.987573610998441,0.7808595508212669
175,0.669542518257468,0.8004759929787233
176,0.828129854998477,0.6118616574294151
177,0.905610319488162,0.4278964477422391
178,0.824315768839687,0.8923609433774916
179,0.991817087756684,0.8218025533267664
180,0.852233250412773,0.6700427973889603
181,0.0133795690232244,0.27724748008734756
182,0.987760508078537,0.7205545268321893
183,0.0497174382365888,0.4189530905425269
184,3.26377323911105e-13,0.34665178792128115
185,0.998072928247077,0.8971910655505994
186,0.650910474996002,0.21119649680444313
187,0.0140601445146064,0.47699460174073327
188,0.782910743293918,0.33715449234699973
189,0.239128028623574,0.09168158427525001
190,0.914822166630961,0.4000452262045945
191,0.183596717452444,0.10235114649056233
192,0.995424663351555,0.9307554727760906
193,0.997164673415519,0.8607697593454812
194,0.999796495748522,0.8415296570851364
195,0.987218185311259,0.6733626355254064
196,0.334674768042486,0.819605632037133
197,0.973707652837966,0.3357113598579777
198,0.148598550206567,0.2198092771489479
199,0.653741024164599,0.5270979424498633
200,0.0259116079480599,0.11099548147371245
201,3.35230547137378e-08,0.03811331219021135
202,0.0406574849186708,0.36360936234830243
203,0.0082503936251809,0.12370768315756535
204,0.921319627129483,0.6550870744181446
205,0.905255588747429,0.8178644096603512
206,0.999998078148021,0.8450571250532815
207,0.614503729338384,0.655007830970242
208,0.419472820145562,0.2749896266346527
209,0.76049823780207,0.6927467165583638
210,0.999944121954158,0.8109029489538278
211,0.1320497803959,0.4404693607746232
212,0.11866351193321,0.2125081929817796
213,0.708869914635483,0.6095084145558883
214,0.0574219498963673,0.5968224440773604
215,0.487737315933791,0.5107368995030731
216,0.378820810344263,0.3618088356223506
217,0.854565182887043,0.3212998063545559
218,0.158927039511241,0.23876470782204404
219,0.990133253962155,0.8600755798773405
220,0.999846784354133,0.892571588152655
221,0.996119065220499,0.8567681074723328
222,0.999891913120434,0.7950351122545792
223,0.602381885442125,0.7537587985455021
224,0.971530600987449,0.49182558328386095
225,0.0003726979216755,0.21219383691428778
226,0.017888395435311,0.3721947139747598
227,0.0004718223192297,0.04581320226937965
228,0.83305933823597,0.5730796171678666
229,0.0586816598566833,0.20627657518760825
230,0.893778280890889,0.8419034335015544
231,0.390436657454396,0.6998164294629858
232,0.0243389452750244,0.2976794255748934
233,0.51958802285056,0.4495924636026691
234,0.654112781499471,0.7555680230158216
235,0.189911320875101,0.8241415922870321
236,0.214591203317016,0.22967121869876447
237,0.995728260705051,0.9172965653473637
238,0.968645853382714,0.9055037892464151
239,0.842997837198303,0.5976154436247549
240,0.0889094712648112,0.36278377787714655
241,2.1761652415036298e-12,0.28353347147238417
242,0.961807106181104,0.26467843218168213
243,0.991020319993193,0.7842724679642971
244,0.930074636072911,0.8210584875360306
245,0.999870786800825,0.9526250218383274
246,0.956460901612105,0.6331615822312617
247,0.153634451701706,0.43065669655575917
248,0.651932194345036,0.5577082438765023
249,0.145169056058434,0.34622408009554684
250,0.001621378595174,0.0627273467316542
251,0.0022850308221466,0.1266335232786893
252,0.99965923307095,0.8830441255134617
253,0.938389498254085,0.5015004128113808
254,0.99995104149808,0.9386243774340544
255,0.0819632087809397,0.32969490367639204
256,0.0264697249927503,0.383665007125172
257,0.998447286213461,0.8738590299278673
258,0.899017238247675,0.6339049319894691
259,0.355893902715098,0.3437313298032933
260,0.83963687673684,0.30805750331602316
261,0.955525399096677,0.4570722148096792
262,0.504254263802645,0.285062059644512
263,0.0759329013582918,0.10800524264989184
264,0.999791885574669,0.9572236066906974
265,0.329235613590037,0.5981287155212041
266,0.945750541335771,0.7221820040192736
267,0.04346427457782,0.6334369910812184
268,0.725408639216012,0.8918380553677768
269,0.0982375187021256,0.42121569485755117
270,0.0666496138469037,0.2688556226274339
271,0.00372337964883,0.10800342905615419
272,0.0310391292279528,0.08603701455109589
273,0.985288799997044,0.8540064899978372
274,0.03791985999925,0.21783083752350604
275,0.996498360909472,0.8193756926259749
276,0.954315050416961,0.6873954840318285
277,0.98164352530451,0.5676993970678926
278,0.992139676453548,0.7819204202928169
279,0.997408110665749,0.4744541431627195
280,0.87122390712838,0.7844018743785106
281,0.995528375619639,0.748772142623686
282,0.534014228482033,0.6668933302862805
283,0.165419868765347,0.8726723534792264
284,0.0484860480327657,0.9007954174207148
285,0.0657872438639109,0.24551188666865092
286,0.0835873822466858,0.4222193388237103
287,0.0095504767855697,0.26986661393131695
288,0.121954970404516,0.3163692605251082
289,1.62668824078858e-06,0.26352717781452967
290,0.0002280711220688,0.22867801768081497
291,0.389394114033132,0.6644313088938748
292,0.0075580513702774,0.2793670298433647
293,0.50169586431076,0.5742183195604601
294,0.0023090629602949,0.061410141086388884
295,0.0279974536348178,0.18716056654535237
296,0.0007257751128316,0.01895008474521713
297,0.0002588407431755,0.08501790020363784
298,0.0016700172488562,0.2173538327079515
299,0.64503404707572,0.4340192440641263
